CAMIS,DBA,BORO,BUILDING,STREET,ZIPCODE,PHONE,CUISINE DESCRIPTION,INSPECTION DATE,ACTION,VIOLATION CODE,VIOLATION DESCRIPTION,CRITICAL FLAG,SCORE,GRADE
50034275,D.B.A.,Manhattan,41,1 AVENUE,10003,2124755097,American,8/31/23,Violations were cited in the following area(s).,06D,"Food contact surface not properly washed, rinsed and sanitized after each use and following any activity when contamination may have occurred.",Critical,6,A
50136540,GONG CHA,Manhattan,42,MOTT STREET,10013,6467264940,Coffee/Tea,8/31/23,Violations were cited in the following area(s).,04H,"Raw, cooked or prepared food is adulterated, contaminated, cross-contaminated, or not discarded in accordance with HACCP plan.",Critical,41,N
50129081,ROAM DESSERT BAR & GALLERY,Queens,4114,27TH ST,11101,9174430818,Bakery Products/Desserts,8/31/23,Violations were cited in the following area(s).,04A,Food Protection Certificate (FPC) not held by manager or supervisor of food operations.,Critical,54,N
40721162,CONTINENTAL LUNCHEONETTE & DELI,Queens,104-03,METROPOLITAN AVENUE,11375,7185208336,Sandwiches,8/31/23,Violations were cited in the following area(s).,08A,"Establishment is not free of harborage or conditions conducive to rodents, insects or other pests.",Not Critical,18,
50048165,KING BARKA JAMAICAN & AMERICAN RESTAURANT INC,Manhattan,301,WEST  135 STREET,10030,3476418572,Caribbean,8/31/23,Violations were cited in the following area(s).,08A,"Establishment is not free of harborage or conditions conducive to rodents, insects or other pests.",Not Critical,25,Z
50116821,CANTO WEST VILLAGE,Manhattan,117,PERRY STREET,10014,3152575472,Italian,8/31/23,Violations were cited in the following area(s).,08A,"Establishment is not free of harborage or conditions conducive to rodents, insects or other pests.",Not Critical,13,A
50102310,ELEVA COFFEE,Brooklyn,7,BELL SLIP,11222,3472944200,Coffee/Tea,8/31/23,Violations were cited in the following area(s).,04N,"Filth flies or food/refuse/sewage associated with (FRSA) flies or other nuisance pests in establishment’s food and/or non-food areas. FRSA flies include house flies, blow flies, bottle flies, flesh flies, drain flies, Phorid flies and fruit flies.",Critical,11,A
50058388,SPOT DESSERT BAR,Queens,3916,PRINCE ST,11354,7184828712,Coffee/Tea,8/31/23,Violations were cited in the following area(s).,06D,"Food contact surface not properly washed, rinsed and sanitized after each use and following any activity when contamination may have occurred.",Critical,26,
50058218,CHIPOTLE MEXICAN GRILL #2838,Bronx,260,EAST  161 STREET,10451,7186655238,Tex-Mex,8/31/23,Violations were cited in the following area(s).,10F,"Non-food contact surface or equipment made of unacceptable material, not kept clean, or not properly sealed, raised, spaced or movable to allow accessibility for cleaning on all sides, above and underneath the unit.",Not Critical,5,A
50050386,PANDA EXPRESS,Manhattan,835,3 AVENUE,10022,2123552821,Chinese,8/31/23,Violations were cited in the following area(s).,08A,"Establishment is not free of harborage or conditions conducive to rodents, insects or other pests.",Not Critical,34,
50123207,TAI PEI HANG,Queens,13620,38TH AVE,11354,9177946551,Chinese,8/31/23,Violations were cited in the following area(s).,04A,Food Protection Certificate (FPC) not held by manager or supervisor of food operations.,Critical,19,Z
50073733,COFFEE RX,Brooklyn,1504,86 STREET,11228,9295006836,Coffee/Tea,8/31/23,Violations were cited in the following area(s).,06D,"Food contact surface not properly washed, rinsed and sanitized after each use and following any activity when contamination may have occurred.",Critical,10,A
50132476,MOCHII,Manhattan,11,WEST   32 STREET,10001,6465771074,Frozen Desserts,8/31/23,Violations were cited in the following area(s).,06C,"Food, supplies, or equipment not protected from potential source of contamination during storage, preparation, transportation, display, service or from customer’s refillable, reusable container. Condiments not in single-service containers or dispensed directly by the vendor.",Critical,48,N
40721162,CONTINENTAL LUNCHEONETTE & DELI,Queens,104-03,METROPOLITAN AVENUE,11375,7185208336,Sandwiches,8/31/23,Violations were cited in the following area(s).,04L,Evidence of mice or live mice in establishment's food or non-food areas.,Critical,18,
50121207,THIERRY ATLAN,Manhattan,436,WEST BROADWAY,10012,2016870721,Bakery Products/Desserts,8/31/23,Violations were cited in the following area(s).,04A,Food Protection Certificate (FPC) not held by manager or supervisor of food operations.,Critical,10,A
50137698,BEST CHICKEN,Manhattan,359,GRAND STREET,10002,6465598580,Other,8/31/23,Violations were cited in the following area(s).,20-04,"“Choking first aid” poster not posted. “Alcohol and Pregnancy” warning sign not posted. Resuscitation equipment: exhaled air resuscitation masks (adult & pediatric), latex gloves, sign not posted.",Not Critical,,
41234310,MALIBU DINER,Manhattan,163,WEST   23 STREET,10011,2126911369,American,8/31/23,Violations were cited in the following area(s).,09E,Wash hands sign not posted near or above hand washing sink.,Not Critical,30,Z
50088988,CITY ONE,Manhattan,2726,FREDERICK DOUGLASS BOULEVARD,,2122688819,Chinese,8/31/23,Violations were cited in the following area(s).,06D,"Food contact surface not properly washed, rinsed and sanitized after each use and following any activity when contamination may have occurred.",Critical,22,Z
50089409,KA LOK KITCHEN,Queens,13418,NORTHERN BLVD,11354,7184633333,Chinese,8/31/23,Violations were cited in the following area(s).,06C,"Food, supplies, or equipment not protected from potential source of contamination during storage, preparation, transportation, display, service or from customer’s refillable, reusable container. Condiments not in single-service containers or dispensed directly by the vendor.",Critical,66,Z
50058388,SPOT DESSERT BAR,Queens,3916,PRINCE ST,11354,7184828712,Coffee/Tea,8/31/23,Violations were cited in the following area(s).,04H,"Raw, cooked or prepared food is adulterated, contaminated, cross-contaminated, or not discarded in accordance with HACCP plan.",Critical,26,
50109521,BURGERMANIA,Manhattan,274,WEST   40 STREET,10018,9177237571,Hamburgers,8/31/23,Violations were cited in the following area(s).,06D,"Food contact surface not properly washed, rinsed and sanitized after each use and following any activity when contamination may have occurred.",Critical,11,A
50138942,CHA CHA MATCHA,Manhattan,1158,BROADWAY,10001,9179575017,Other,8/31/23,Violations were cited in the following area(s).,08C,"Pesticide not properly labeled or used by unlicensed individual. Pesticide, other toxic chemical improperly used/stored. Unprotected, unlocked bait station used.",Not Critical,26,N
50137698,BEST CHICKEN,Manhattan,359,GRAND STREET,10002,6465598580,Other,8/31/23,Violations were cited in the following area(s).,05D,"No hand washing facility in or adjacent to toilet room or within 25 feet of a food preparation, food service or ware washing area. Hand washing facility not accessible, obstructed or used for non-hand washing purposes. No hot and cold running water or water at inadequate pressure. No soap or acceptable hand-drying device.",Critical,37,N
40424723,NITA'S EUROPEAN BAKERY,Queens,40-10,GREENPOINT AVENUE,11104,7187844047,Bakery Products/Desserts,8/31/23,Violations were cited in the following area(s).,05H,No approved written standard operating procedure for avoiding contamination by refillable returnable containers.,Critical,30,
50126795,SPRINGBONE KITCHEN,Manhattan,488,MADISON AVENUE,10022,9173018263,American,8/31/23,Violations were cited in the following area(s).,10F,"Non-food contact surface or equipment made of unacceptable material, not kept clean, or not properly sealed, raised, spaced or movable to allow accessibility for cleaning on all sides, above and underneath the unit.",Not Critical,3,A
50042943,LIC CORNER CAFE,Queens,2103,45TH RD,11101,7188061432,English,8/31/23,Violations were cited in the following area(s).,04H,"Raw, cooked or prepared food is adulterated, contaminated, cross-contaminated, or not discarded in accordance with HACCP plan.",Critical,25,
50109521,BURGERMANIA,Manhattan,274,WEST   40 STREET,10018,9177237571,Hamburgers,8/31/23,Violations were cited in the following area(s).,10A,"Toilet facility not maintained or provided with toilet paper, waste receptacle or self-closing door.",Not Critical,11,A
41678553,JESSIE'S EXPRESS CAFE,Manhattan,411,8 AVENUE,10001,2122551266,Sandwiches/Salads/Mixed Buffet,8/31/23,Violations were cited in the following area(s).,19-06,"Providing single-use, non-compostable plastic straws to customers without customer request (including providing such straws at a self-serve station)",Not Critical,,
50128777,AGAVE RESTAURANT & LOUNGE,Bronx,1973,SOUTHERN BOULEVARD,10460,7185701846,Mexican,8/31/23,Violations were cited in the following area(s).,06A,Personal cleanliness is inadequate. Outer garment soiled with possible contaminant. Effective hair restraint not worn where required. Jewelry worn on hands or arms. Fingernail polish worn or fingernails not kept clean and trimmed.,Critical,21,N
50139340,WANG DA SHUN,Queens,13328,41ST AVE,11355,9172852516,Chinese,8/31/23,Violations were cited in the following area(s).,02G,Cold TCS food item held above 41 °F; smoked or processed fish held above 38 °F; intact raw eggs held above 45 °F; or reduced oxygen packaged (ROP) TCS foods held above required temperatures except during active necessary preparation.,Critical,57,Z
41620128,THINK COFFEE,Manhattan,73,8 AVENUE,10014,2122556542,Coffee/Tea,8/31/23,Violations were cited in the following area(s).,10E,"Accurate thermometer not provided or properly located in refrigerated, cold storage or hot holding equipment",Not Critical,12,A
50130636,HAINAN CHICKEN HOUSE,Brooklyn,4807,8 AVENUE,11220,2473653864,Chinese,8/31/23,Violations were cited in the following area(s).,06C,"Food, supplies, or equipment not protected from potential source of contamination during storage, preparation, transportation, display, service or from customer’s refillable, reusable container. Condiments not in single-service containers or dispensed directly by the vendor.",Critical,43,N
50069666,THOMAS PIZZA,Queens,9023,37TH AVE,11372,7188980347,Pizza,8/31/23,Violations were cited in the following area(s).,08A,"Establishment is not free of harborage or conditions conducive to rodents, insects or other pests.",Not Critical,25,
50088988,CITY ONE,Manhattan,2726,FREDERICK DOUGLASS BOULEVARD,,2122688819,Chinese,8/31/23,Violations were cited in the following area(s).,08C,"Pesticide not properly labeled or used by unlicensed individual. Pesticide, other toxic chemical improperly used/stored. Unprotected, unlocked bait station used.",Not Critical,22,Z
50134600,PADDY REILLY'S MUSIC BAR,Manhattan,519,2 AVENUE,10016,9177710304,Other,8/31/23,Violations were cited in the following area(s).,08A,"Establishment is not free of harborage or conditions conducive to rodents, insects or other pests.",Not Critical,33,N
50138652,POPRICE,Queens,16216,UNION TPKE,11366,9179126591,Asian/Asian Fusion,8/31/23,Violations were cited in the following area(s).,06D,"Food contact surface not properly washed, rinsed and sanitized after each use and following any activity when contamination may have occurred.",Critical,12,A
50064478,JOE & THE JUICE,Manhattan,161,PRINCE STREET,10012,__________,Coffee/Tea,8/31/23,Violations were cited in the following area(s).,06D,"Food contact surface not properly washed, rinsed and sanitized after each use and following any activity when contamination may have occurred.",Critical,49,
41618266,KISSENA CAFE,Queens,60-04,KISSENA BOULEVARD,11355,7188860689,Chinese,8/31/23,Violations were cited in the following area(s).,06D,"Food contact surface not properly washed, rinsed and sanitized after each use and following any activity when contamination may have occurred.",Critical,12,A
50120759,BAKER STREET IRREGULARS,Manhattan,1152,1 AVENUE,10065,9177832175,American,8/31/23,Violations were cited in the following area(s).,04K,Evidence of rats or live rats in establishment's food or non-food areas.,Critical,98,N
50109521,BURGERMANIA,Manhattan,274,WEST   40 STREET,10018,9177237571,Hamburgers,8/31/23,Violations were cited in the following area(s).,10B,Anti-siphonage or back-flow prevention device not provided where required; equipment or floor not properly drained; sewage disposal system in disrepair or not functioning properly. Condensation or liquid waste improperly disposed of.,Not Critical,11,A
50014481,MAMAN,Manhattan,239,CENTRE STREET,10013,2122260700,French,8/31/23,Violations were cited in the following area(s).,10F,"Non-food contact surface or equipment made of unacceptable material, not kept clean, or not properly sealed, raised, spaced or movable to allow accessibility for cleaning on all sides, above and underneath the unit.",Not Critical,54,
50123266,SU JEO,Manhattan,82,WEST    3 STREET,10012,8482193987,Korean,8/31/23,Violations were cited in the following area(s).,10F,"Non-food contact surface or equipment made of unacceptable material, not kept clean, or not properly sealed, raised, spaced or movable to allow accessibility for cleaning on all sides, above and underneath the unit.",Not Critical,23,N
40941045,MARIO'S RESTAURANT,Bronx,2342,ARTHUR AVENUE,10458,7185841188,Italian,8/31/23,Violations were cited in the following area(s).,10F,"Non-food contact surface or equipment made of unacceptable material, not kept clean, or not properly sealed, raised, spaced or movable to allow accessibility for cleaning on all sides, above and underneath the unit.",Not Critical,4,A
50048165,KING BARKA JAMAICAN & AMERICAN RESTAURANT INC,Manhattan,301,WEST  135 STREET,10030,3476418572,Caribbean,8/31/23,Violations were cited in the following area(s).,04N,"Filth flies or food/refuse/sewage associated with (FRSA) flies or other nuisance pests in establishment’s food and/or non-food areas. FRSA flies include house flies, blow flies, bottle flies, flesh flies, drain flies, Phorid flies and fruit flies.",Critical,25,Z
50128777,AGAVE RESTAURANT & LOUNGE,Bronx,1973,SOUTHERN BOULEVARD,10460,7185701846,Mexican,8/31/23,Violations were cited in the following area(s).,15-21,"Flavored tobacco products sold, offered for sale",Not Applicable,,
41678553,JESSIE'S EXPRESS CAFE,Manhattan,411,8 AVENUE,10001,2122551266,Sandwiches/Salads/Mixed Buffet,8/31/23,Violations were cited in the following area(s).,04N,"Filth flies or food/refuse/sewage associated with (FRSA) flies or other nuisance pests in establishment’s food and/or non-food areas. FRSA flies include house flies, blow flies, bottle flies, flesh flies, drain flies, Phorid flies and fruit flies.",Critical,19,Z
50129081,ROAM DESSERT BAR & GALLERY,Queens,4114,27TH ST,11101,9174430818,Bakery Products/Desserts,8/31/23,Violations were cited in the following area(s).,06A,Personal cleanliness is inadequate. Outer garment soiled with possible contaminant. Effective hair restraint not worn where required. Jewelry worn on hands or arms. Fingernail polish worn or fingernails not kept clean and trimmed.,Critical,54,N
50133156,PATISSERIE CHANSON,Manhattan,1293,3 AVENUE,10021,6314641388,Bakery Products/Desserts,8/31/23,Violations were cited in the following area(s).,20-04,"“Choking first aid” poster not posted. “Alcohol and Pregnancy” warning sign not posted. Resuscitation equipment: exhaled air resuscitation masks (adult & pediatric), latex gloves, sign not posted.",Not Critical,,
50134600,PADDY REILLY'S MUSIC BAR,Manhattan,519,2 AVENUE,10016,9177710304,Other,8/31/23,Violations were cited in the following area(s).,04L,Evidence of mice or live mice in establishment's food or non-food areas.,Critical,33,N
50130808,ZHENG LU WEI,Brooklyn,6321,8 AVENUE,11220,7188361663,Chinese,8/31/23,Violations were cited in the following area(s).,09E,Wash hands sign not posted near or above hand washing sink.,Not Critical,2,A
50064478,JOE & THE JUICE,Manhattan,161,PRINCE STREET,10012,__________,Coffee/Tea,8/31/23,Violations were cited in the following area(s).,02G,Cold TCS food item held above 41 °F; smoked or processed fish held above 38 °F; intact raw eggs held above 45 °F; or reduced oxygen packaged (ROP) TCS foods held above required temperatures except during active necessary preparation.,Critical,49,
41417854,DUNKIN',Brooklyn,2801,KNAPP STREET,11235,7186153184,Donuts,8/31/23,Violations were cited in the following area(s).,04A,Food Protection Certificate (FPC) not held by manager or supervisor of food operations.,Critical,12,A
50134255,GOURMET LATINO,Brooklyn,4316,4 AVENUE,11232,3475294440,Latin American,8/31/23,Violations were cited in the following area(s).,28-01,"Nuisance created or allowed to exist. Facility not free from unsafe, hazardous, offensive or annoying condition.",Not Critical,,
50137698,BEST CHICKEN,Manhattan,359,GRAND STREET,10002,6465598580,Other,8/31/23,Violations were cited in the following area(s).,02B,Hot TCS food item not held at or above 140 °F.,Critical,37,N
50134600,PADDY REILLY'S MUSIC BAR,Manhattan,519,2 AVENUE,10016,9177710304,Other,8/31/23,Violations were cited in the following area(s).,28-01,"Nuisance created or allowed to exist. Facility not free from unsafe, hazardous, offensive or annoying condition.",Not Critical,,
50001015,TRA DI NOI,Bronx,622,EAST  187 STREET,10458,7182951784,Italian,8/31/23,Violations were cited in the following area(s).,04L,Evidence of mice or live mice in establishment's food or non-food areas.,Critical,12,A
41678553,JESSIE'S EXPRESS CAFE,Manhattan,411,8 AVENUE,10001,2122551266,Sandwiches/Salads/Mixed Buffet,8/31/23,Violations were cited in the following area(s).,06D,"Food contact surface not properly washed, rinsed and sanitized after each use and following any activity when contamination may have occurred.",Critical,19,Z
50130636,HAINAN CHICKEN HOUSE,Brooklyn,4807,8 AVENUE,11220,2473653864,Chinese,8/31/23,Violations were cited in the following area(s).,10B,Anti-siphonage or back-flow prevention device not provided where required; equipment or floor not properly drained; sewage disposal system in disrepair or not functioning properly. Condensation or liquid waste improperly disposed of.,Not Critical,43,N
50134600,PADDY REILLY'S MUSIC BAR,Manhattan,519,2 AVENUE,10016,9177710304,Other,8/31/23,Violations were cited in the following area(s).,04J,"Properly scaled and calibrated thermometer or thermocouple not provided or not readily accessible in food preparation and hot/cold holding areas to measure temperatures of TCS foods during cooking, cooling, reheating, and holding.",Critical,33,N
50089409,KA LOK KITCHEN,Queens,13418,NORTHERN BLVD,11354,7184633333,Chinese,8/31/23,Violations were cited in the following area(s).,09C,"Design, construction, materials used or maintenance of food contact surface improper. Surface not easily cleanable, sanitized and maintained.",Not Critical,66,Z
50133830,DA ADRIANO,Manhattan,1198,1 AVENUE,10065,3473427799,Italian,8/31/23,Violations were cited in the following area(s).,04N,"Filth flies or food/refuse/sewage associated with (FRSA) flies or other nuisance pests in establishment’s food and/or non-food areas. FRSA flies include house flies, blow flies, bottle flies, flesh flies, drain flies, Phorid flies and fruit flies.",Critical,10,A
50130755,ANYWAY BEACH CAFE,Brooklyn,201,BRIGHTON    1 ROAD,11235,7185695195,Russian,8/31/23,Violations were cited in the following area(s).,10H,"Single service article not provided. Single service article reused or not protected from contamination when transported, stored, dispensed. Drinking straws not completely enclosed in wrapper or dispensed from a sanitary device.",Not Critical,10,A
50130755,ANYWAY BEACH CAFE,Brooklyn,201,BRIGHTON    1 ROAD,11235,7185695195,Russian,8/31/23,Violations were cited in the following area(s).,06C,"Food, supplies, or equipment not protected from potential source of contamination during storage, preparation, transportation, display, service or from customer’s refillable, reusable container. Condiments not in single-service containers or dispensed directly by the vendor.",Critical,10,A
50014481,MAMAN,Manhattan,239,CENTRE STREET,10013,2122260700,French,8/31/23,Violations were cited in the following area(s).,06D,"Food contact surface not properly washed, rinsed and sanitized after each use and following any activity when contamination may have occurred.",Critical,54,
50087361,PROOF COFFEE ROASTERS,Manhattan,2286,7 AVENUE,10030,3142300768,Coffee/Tea,8/31/23,Violations were cited in the following area(s).,04A,Food Protection Certificate (FPC) not held by manager or supervisor of food operations.,Critical,27,Z
50108114,CAFE AROMA,Manhattan,502,9 AVENUE,10018,9179223734,American,8/31/23,Violations were cited in the following area(s).,08A,"Establishment is not free of harborage or conditions conducive to rodents, insects or other pests.",Not Critical,28,
50138942,CHA CHA MATCHA,Manhattan,1158,BROADWAY,10001,9179575017,Other,8/31/23,Violations were cited in the following area(s).,08A,"Establishment is not free of harborage or conditions conducive to rodents, insects or other pests.",Not Critical,26,N
50113151,SHAWARMA SPOT,Queens,3423,STEINWAY ST,11101,3474516994,Mediterranean,8/31/23,Violations were cited in the following area(s).,06C,"Food, supplies, or equipment not protected from potential source of contamination during storage, preparation, transportation, display, service or from customer’s refillable, reusable container. Condiments not in single-service containers or dispensed directly by the vendor.",Critical,10,
50139340,WANG DA SHUN,Queens,13328,41ST AVE,11355,9172852516,Chinese,8/31/23,Violations were cited in the following area(s).,06C,"Food, supplies, or equipment not protected from potential source of contamination during storage, preparation, transportation, display, service or from customer’s refillable, reusable container. Condiments not in single-service containers or dispensed directly by the vendor.",Critical,57,Z
50138652,POPRICE,Queens,16216,UNION TPKE,11366,9179126591,Asian/Asian Fusion,8/31/23,Violations were cited in the following area(s).,10H,"Single service article not provided. Single service article reused or not protected from contamination when transported, stored, dispensed. Drinking straws not completely enclosed in wrapper or dispensed from a sanitary device.",Not Critical,12,A
50126094,CANAAN BAKERY & CAFE,Queens,3640,UNION ST,11354,9176569577,Bakery Products/Desserts,8/31/23,Violations were cited in the following area(s).,10F,"Non-food contact surface or equipment made of unacceptable material, not kept clean, or not properly sealed, raised, spaced or movable to allow accessibility for cleaning on all sides, above and underneath the unit.",Not Critical,24,
50084913,PLANTED,Brooklyn,333,SMITH STREET,11231,9179091986,Coffee/Tea,8/31/23,Violations were cited in the following area(s).,10F,"Non-food contact surface or equipment made of unacceptable material, not kept clean, or not properly sealed, raised, spaced or movable to allow accessibility for cleaning on all sides, above and underneath the unit.",Not Critical,13,A
50089409,KA LOK KITCHEN,Queens,13418,NORTHERN BLVD,11354,7184633333,Chinese,8/31/23,Violations were cited in the following area(s).,06A,Personal cleanliness is inadequate. Outer garment soiled with possible contaminant. Effective hair restraint not worn where required. Jewelry worn on hands or arms. Fingernail polish worn or fingernails not kept clean and trimmed.,Critical,66,Z
50120759,BAKER STREET IRREGULARS,Manhattan,1152,1 AVENUE,10065,9177832175,American,8/31/23,Violations were cited in the following area(s).,19-06,"Providing single-use, non-compostable plastic straws to customers without customer request (including providing such straws at a self-serve station)",Not Critical,,
50050386,PANDA EXPRESS,Manhattan,835,3 AVENUE,10022,2123552821,Chinese,8/31/23,Violations were cited in the following area(s).,04H,"Raw, cooked or prepared food is adulterated, contaminated, cross-contaminated, or not discarded in accordance with HACCP plan.",Critical,34,
50086732,AGRA PALACE,Queens,11633,QUEENS BLVD,11375,7182618880,Indian,8/31/23,Violations were cited in the following area(s).,08A,"Establishment is not free of harborage or conditions conducive to rodents, insects or other pests.",Not Critical,48,
50120759,BAKER STREET IRREGULARS,Manhattan,1152,1 AVENUE,10065,9177832175,American,8/31/23,Violations were cited in the following area(s).,05A,"Sewage disposal system is not provided, improper, inadequate or unapproved.",Critical,98,N
50133266,FRIEND OF A FARMER,Manhattan,68,WEST   71 STREET,10023,5162707961,American,8/31/23,Violations were cited in the following area(s).,08C,"Pesticide not properly labeled or used by unlicensed individual. Pesticide, other toxic chemical improperly used/stored. Unprotected, unlocked bait station used.",Not Critical,19,N
50120759,BAKER STREET IRREGULARS,Manhattan,1152,1 AVENUE,10065,9177832175,American,8/31/23,Violations were cited in the following area(s).,28-01,"Nuisance created or allowed to exist. Facility not free from unsafe, hazardous, offensive or annoying condition.",Not Critical,,
50139383,ELY LOUNGE,Manhattan,2,PARK AVENUE,10016,8453919439,Coffee/Tea,8/31/23,Violations were cited in the following area(s).,05C,"Food contact surface, refillable, reusable containers, or equipment improperly constructed, placed or maintained. Unacceptable material used. Culinary sink or other acceptable method not provided for washing food.",Critical,74,N
50122799,BROWN BAKERY,Queens,3546,UNION ST,11354,9177323877,Bakery Products/Desserts,8/31/23,Violations were cited in the following area(s).,04H,"Raw, cooked or prepared food is adulterated, contaminated, cross-contaminated, or not discarded in accordance with HACCP plan.",Critical,25,N
50138450,CHAMPION PIZZA,Queens,2236A,31ST ST,11105,3476124739,Pizza,8/31/23,Establishment re-opened by DOHMH.,,,Not Applicable,0,Z
50122799,BROWN BAKERY,Queens,3546,UNION ST,11354,9177323877,Bakery Products/Desserts,8/31/23,Violations were cited in the following area(s).,04J,"Properly scaled and calibrated thermometer or thermocouple not provided or not readily accessible in food preparation and hot/cold holding areas to measure temperatures of TCS foods during cooking, cooling, reheating, and holding.",Critical,25,N
50133266,FRIEND OF A FARMER,Manhattan,68,WEST   71 STREET,10023,5162707961,American,8/31/23,Violations were cited in the following area(s).,04L,Evidence of mice or live mice in establishment's food or non-food areas.,Critical,19,N
50088988,CITY ONE,Manhattan,2726,FREDERICK DOUGLASS BOULEVARD,,2122688819,Chinese,8/31/23,Violations were cited in the following area(s).,04N,"Filth flies or food/refuse/sewage associated with (FRSA) flies or other nuisance pests in establishment’s food and/or non-food areas. FRSA flies include house flies, blow flies, bottle flies, flesh flies, drain flies, Phorid flies and fruit flies.",Critical,22,Z
40424723,NITA'S EUROPEAN BAKERY,Queens,40-10,GREENPOINT AVENUE,11104,7187844047,Bakery Products/Desserts,8/31/23,Violations were cited in the following area(s).,10E,"Accurate thermometer not provided or properly located in refrigerated, cold storage or hot holding equipment",Not Critical,30,
50109521,BURGERMANIA,Manhattan,274,WEST   40 STREET,10018,9177237571,Hamburgers,8/31/23,Violations were cited in the following area(s).,10F,"Non-food contact surface or equipment made of unacceptable material, not kept clean, or not properly sealed, raised, spaced or movable to allow accessibility for cleaning on all sides, above and underneath the unit.",Not Critical,11,A
50086732,AGRA PALACE,Queens,11633,QUEENS BLVD,11375,7182618880,Indian,8/31/23,Violations were cited in the following area(s).,04M,Live roaches in facility's food or non-food area.,Critical,48,
50134255,GOURMET LATINO,Brooklyn,4316,4 AVENUE,11232,3475294440,Latin American,8/31/23,Violations were cited in the following area(s).,02G,Cold TCS food item held above 41 °F; smoked or processed fish held above 38 °F; intact raw eggs held above 45 °F; or reduced oxygen packaged (ROP) TCS foods held above required temperatures except during active necessary preparation.,Critical,8,A
50134714,COLETTE,Manhattan,767,5 AVENUE,10153,4802905850,French,8/31/23,Violations were cited in the following area(s).,04H,"Raw, cooked or prepared food is adulterated, contaminated, cross-contaminated, or not discarded in accordance with HACCP plan.",Critical,11,A
50100998,BAKESTONE BAKERY,Brooklyn,190,NASSAU AVENUE,11222,7183497775,Polish,8/31/23,Violations were cited in the following area(s).,10F,"Non-food contact surface or equipment made of unacceptable material, not kept clean, or not properly sealed, raised, spaced or movable to allow accessibility for cleaning on all sides, above and underneath the unit.",Not Critical,11,A
50139383,ELY LOUNGE,Manhattan,2,PARK AVENUE,10016,8453919439,Coffee/Tea,8/31/23,Violations were cited in the following area(s).,04A,Food Protection Certificate (FPC) not held by manager or supervisor of food operations.,Critical,74,N
50069329,ROGERS,Queens,203,BEACH  116 STREET,11694,7186343263,American,8/31/23,Violations were cited in the following area(s).,06D,"Food contact surface not properly washed, rinsed and sanitized after each use and following any activity when contamination may have occurred.",Critical,10,A
50086732,AGRA PALACE,Queens,11633,QUEENS BLVD,11375,7182618880,Indian,8/31/23,Violations were cited in the following area(s).,04L,Evidence of mice or live mice in establishment's food or non-food areas.,Critical,48,
50116821,CANTO WEST VILLAGE,Manhattan,117,PERRY STREET,10014,3152575472,Italian,8/31/23,Violations were cited in the following area(s).,04N,"Filth flies or food/refuse/sewage associated with (FRSA) flies or other nuisance pests in establishment’s food and/or non-food areas. FRSA flies include house flies, blow flies, bottle flies, flesh flies, drain flies, Phorid flies and fruit flies.",Critical,13,A
50073733,COFFEE RX,Brooklyn,1504,86 STREET,11228,9295006836,Coffee/Tea,8/31/23,Violations were cited in the following area(s).,08C,"Pesticide not properly labeled or used by unlicensed individual. Pesticide, other toxic chemical improperly used/stored. Unprotected, unlocked bait station used.",Not Critical,10,A
50089409,KA LOK KITCHEN,Queens,13418,NORTHERN BLVD,11354,7184633333,Chinese,8/31/23,Violations were cited in the following area(s).,02B,Hot TCS food item not held at or above 140 °F.,Critical,66,Z
50139340,WANG DA SHUN,Queens,13328,41ST AVE,11355,9172852516,Chinese,8/31/23,Violations were cited in the following area(s).,06D,"Food contact surface not properly washed, rinsed and sanitized after each use and following any activity when contamination may have occurred.",Critical,57,Z
50132476,MOCHII,Manhattan,11,WEST   32 STREET,10001,6465771074,Frozen Desserts,8/31/23,Violations were cited in the following area(s).,09E,Wash hands sign not posted near or above hand washing sink.,Not Critical,48,N
50138942,CHA CHA MATCHA,Manhattan,1158,BROADWAY,10001,9179575017,Other,8/31/23,Violations were cited in the following area(s).,10F,"Non-food contact surface or equipment made of unacceptable material, not kept clean, or not properly sealed, raised, spaced or movable to allow accessibility for cleaning on all sides, above and underneath the unit.",Not Critical,26,N
50103673,CITY WINERY NEW YORK,Manhattan,25,11 AVENUE,10011,6467516033,Other,8/31/23,Violations were cited in the following area(s).,10B,Anti-siphonage or back-flow prevention device not provided where required; equipment or floor not properly drained; sewage disposal system in disrepair or not functioning properly. Condensation or liquid waste improperly disposed of.,Not Critical,29,Z
50103673,CITY WINERY NEW YORK,Manhattan,25,11 AVENUE,10011,6467516033,Other,8/31/23,Violations were cited in the following area(s).,06E,"Sanitized equipment or utensil, including in-use food dispensing utensil, improperly used or stored.",Critical,29,Z
50134600,PADDY REILLY'S MUSIC BAR,Manhattan,519,2 AVENUE,10016,9177710304,Other,8/31/23,Violations were cited in the following area(s).,06D,"Food contact surface not properly washed, rinsed and sanitized after each use and following any activity when contamination may have occurred.",Critical,33,N
50064478,JOE & THE JUICE,Manhattan,161,PRINCE STREET,10012,__________,Coffee/Tea,8/31/23,Violations were cited in the following area(s).,10B,Anti-siphonage or back-flow prevention device not provided where required; equipment or floor not properly drained; sewage disposal system in disrepair or not functioning properly. Condensation or liquid waste improperly disposed of.,Not Critical,49,
50050386,PANDA EXPRESS,Manhattan,835,3 AVENUE,10022,2123552821,Chinese,8/31/23,Violations were cited in the following area(s).,04L,Evidence of mice or live mice in establishment's food or non-food areas.,Critical,34,
50126094,CANAAN BAKERY & CAFE,Queens,3640,UNION ST,11354,9176569577,Bakery Products/Desserts,8/31/23,Violations were cited in the following area(s).,06E,"Sanitized equipment or utensil, including in-use food dispensing utensil, improperly used or stored.",Critical,24,
50139340,WANG DA SHUN,Queens,13328,41ST AVE,11355,9172852516,Chinese,8/31/23,Violations were cited in the following area(s).,08A,"Establishment is not free of harborage or conditions conducive to rodents, insects or other pests.",Not Critical,57,Z
50048165,KING BARKA JAMAICAN & AMERICAN RESTAURANT INC,Manhattan,301,WEST  135 STREET,10030,3476418572,Caribbean,8/31/23,Violations were cited in the following area(s).,10B,Anti-siphonage or back-flow prevention device not provided where required; equipment or floor not properly drained; sewage disposal system in disrepair or not functioning properly. Condensation or liquid waste improperly disposed of.,Not Critical,25,Z
41232504,FIG & OLIVE,Manhattan,420,WEST   13 STREET,10014,2129241200,Mediterranean,8/31/23,Violations were cited in the following area(s).,10F,"Non-food contact surface or equipment made of unacceptable material, not kept clean, or not properly sealed, raised, spaced or movable to allow accessibility for cleaning on all sides, above and underneath the unit.",Not Critical,11,A
50069666,THOMAS PIZZA,Queens,9023,37TH AVE,11372,7188980347,Pizza,8/31/23,Violations were cited in the following area(s).,04L,Evidence of mice or live mice in establishment's food or non-food areas.,Critical,25,
50119251,7TH STREET BURGER,Manhattan,110,MACDOUGAL STREET,10012,2013965169,American,8/31/23,Violations were cited in the following area(s).,08A,"Establishment is not free of harborage or conditions conducive to rodents, insects or other pests.",Not Critical,9,A
50089409,KA LOK KITCHEN,Queens,13418,NORTHERN BLVD,11354,7184633333,Chinese,8/31/23,Violations were cited in the following area(s).,05D,"No hand washing facility in or adjacent to toilet room or within 25 feet of a food preparation, food service or ware washing area. Hand washing facility not accessible, obstructed or used for non-hand washing purposes. No hot and cold running water or water at inadequate pressure. No soap or acceptable hand-drying device.",Critical,66,Z
50134600,PADDY REILLY'S MUSIC BAR,Manhattan,519,2 AVENUE,10016,9177710304,Other,8/31/23,Violations were cited in the following area(s).,10B,Anti-siphonage or back-flow prevention device not provided where required; equipment or floor not properly drained; sewage disposal system in disrepair or not functioning properly. Condensation or liquid waste improperly disposed of.,Not Critical,33,N
50123266,SU JEO,Manhattan,82,WEST    3 STREET,10012,8482193987,Korean,8/31/23,Violations were cited in the following area(s).,04N,"Filth flies or food/refuse/sewage associated with (FRSA) flies or other nuisance pests in establishment’s food and/or non-food areas. FRSA flies include house flies, blow flies, bottle flies, flesh flies, drain flies, Phorid flies and fruit flies.",Critical,23,N
50120759,BAKER STREET IRREGULARS,Manhattan,1152,1 AVENUE,10065,9177832175,American,8/31/23,Violations were cited in the following area(s).,10G,"Dishwashing and ware washing: Cleaning and sanitizing of tableware, including dishes, utensils, and equipment deficient.",Not Critical,98,N
50108114,CAFE AROMA,Manhattan,502,9 AVENUE,10018,9179223734,American,8/31/23,Violations were cited in the following area(s).,06C,"Food, supplies, or equipment not protected from potential source of contamination during storage, preparation, transportation, display, service or from customer’s refillable, reusable container. Condiments not in single-service containers or dispensed directly by the vendor.",Critical,28,
50049436,KITTEN CAFE,Brooklyn,320,FRANKLIN AVENUE,11238,7183608543,Coffee/Tea,8/31/23,Violations were cited in the following area(s).,10B,Anti-siphonage or back-flow prevention device not provided where required; equipment or floor not properly drained; sewage disposal system in disrepair or not functioning properly. Condensation or liquid waste improperly disposed of.,Not Critical,12,
50137698,BEST CHICKEN,Manhattan,359,GRAND STREET,10002,6465598580,Other,8/31/23,Violations were cited in the following area(s).,02G,Cold TCS food item held above 41 °F; smoked or processed fish held above 38 °F; intact raw eggs held above 45 °F; or reduced oxygen packaged (ROP) TCS foods held above required temperatures except during active necessary preparation.,Critical,37,N
50053354,SIZZLE SHAWARMA & FALAFEL BAR,Queens,18615,UNION TPKE,11366,7184874696,Jewish/Kosher,8/31/23,Violations were cited in the following area(s).,08A,"Establishment is not free of harborage or conditions conducive to rodents, insects or other pests.",Not Critical,26,Z
50058388,SPOT DESSERT BAR,Queens,3916,PRINCE ST,11354,7184828712,Coffee/Tea,8/31/23,Violations were cited in the following area(s).,04J,"Properly scaled and calibrated thermometer or thermocouple not provided or not readily accessible in food preparation and hot/cold holding areas to measure temperatures of TCS foods during cooking, cooling, reheating, and holding.",Critical,26,
41202725,DUNKIN,Queens,7520,37 AVENUE,11372,7183975660,Donuts,8/31/23,Violations were cited in the following area(s).,04N,"Filth flies or food/refuse/sewage associated with (FRSA) flies or other nuisance pests in establishment’s food and/or non-food areas. FRSA flies include house flies, blow flies, bottle flies, flesh flies, drain flies, Phorid flies and fruit flies.",Critical,10,A
50132476,MOCHII,Manhattan,11,WEST   32 STREET,10001,6465771074,Frozen Desserts,8/31/23,Violations were cited in the following area(s).,08A,"Establishment is not free of harborage or conditions conducive to rodents, insects or other pests.",Not Critical,48,N
41417854,DUNKIN',Brooklyn,2801,KNAPP STREET,11235,7186153184,Donuts,8/31/23,Violations were cited in the following area(s).,10F,"Non-food contact surface or equipment made of unacceptable material, not kept clean, or not properly sealed, raised, spaced or movable to allow accessibility for cleaning on all sides, above and underneath the unit.",Not Critical,12,A
40394600,THE RESTAURANT,Queens,8605,ROCKAWAY BEACH BOULEVARD,11693,7186345809,American,8/31/23,Violations were cited in the following area(s).,04N,"Filth flies or food/refuse/sewage associated with (FRSA) flies or other nuisance pests in establishment’s food and/or non-food areas. FRSA flies include house flies, blow flies, bottle flies, flesh flies, drain flies, Phorid flies and fruit flies.",Critical,13,A
50069666,THOMAS PIZZA,Queens,9023,37TH AVE,11372,7188980347,Pizza,8/31/23,Violations were cited in the following area(s).,02B,Hot TCS food item not held at or above 140 °F.,Critical,25,
50133266,FRIEND OF A FARMER,Manhattan,68,WEST   71 STREET,10023,5162707961,American,8/31/23,Violations were cited in the following area(s).,08A,"Establishment is not free of harborage or conditions conducive to rodents, insects or other pests.",Not Critical,19,N
50138942,CHA CHA MATCHA,Manhattan,1158,BROADWAY,10001,9179575017,Other,8/31/23,Violations were cited in the following area(s).,04P,"Food containing a prohibited substance held, kept, offered, prepared, processed, packaged, or served.",Critical,26,N
50048165,KING BARKA JAMAICAN & AMERICAN RESTAURANT INC,Manhattan,301,WEST  135 STREET,10030,3476418572,Caribbean,8/31/23,Violations were cited in the following area(s).,06D,"Food contact surface not properly washed, rinsed and sanitized after each use and following any activity when contamination may have occurred.",Critical,25,Z
50064478,JOE & THE JUICE,Manhattan,161,PRINCE STREET,10012,__________,Coffee/Tea,8/31/23,Violations were cited in the following area(s).,10F,"Non-food contact surface or equipment made of unacceptable material, not kept clean, or not properly sealed, raised, spaced or movable to allow accessibility for cleaning on all sides, above and underneath the unit.",Not Critical,49,
50133156,PATISSERIE CHANSON,Manhattan,1293,3 AVENUE,10021,6314641388,Bakery Products/Desserts,8/31/23,Violations were cited in the following area(s).,08A,"Establishment is not free of harborage or conditions conducive to rodents, insects or other pests.",Not Critical,29,N
50069666,THOMAS PIZZA,Queens,9023,37TH AVE,11372,7188980347,Pizza,8/31/23,Violations were cited in the following area(s).,10F,"Non-food contact surface or equipment made of unacceptable material, not kept clean, or not properly sealed, raised, spaced or movable to allow accessibility for cleaning on all sides, above and underneath the unit.",Not Critical,25,
50129081,ROAM DESSERT BAR & GALLERY,Queens,4114,27TH ST,11101,9174430818,Bakery Products/Desserts,8/31/23,Violations were cited in the following area(s).,06F,"Wiping cloths not stored clean and dry, or in a sanitizing solution, between uses.",Critical,54,N
50136540,GONG CHA,Manhattan,42,MOTT STREET,10013,6467264940,Coffee/Tea,8/31/23,Violations were cited in the following area(s).,05D,"No hand washing facility in or adjacent to toilet room or within 25 feet of a food preparation, food service or ware washing area. Hand washing facility not accessible, obstructed or used for non-hand washing purposes. No hot and cold running water or water at inadequate pressure. No soap or acceptable hand-drying device.",Critical,41,N
41234310,MALIBU DINER,Manhattan,163,WEST   23 STREET,10011,2126911369,American,8/31/23,Violations were cited in the following area(s).,02H,"After cooking or removal from hot holding, TCS food not cooled by an approved method whereby the internal temperature is reduced from 140 °F to 70 °F or less within 2 hours, and from 70 °F to 41 °F or less within 4 additional hours.",Critical,30,Z
50123266,SU JEO,Manhattan,82,WEST    3 STREET,10012,8482193987,Korean,8/31/23,Violations were cited in the following area(s).,08A,"Establishment is not free of harborage or conditions conducive to rodents, insects or other pests.",Not Critical,23,N
50113142,TEMPLE BAR,Manhattan,332,LAFAYETTE STREET,10012,5163534321,American,8/31/23,Violations were cited in the following area(s).,06D,"Food contact surface not properly washed, rinsed and sanitized after each use and following any activity when contamination may have occurred.",Critical,5,A
50126094,CANAAN BAKERY & CAFE,Queens,3640,UNION ST,11354,9176569577,Bakery Products/Desserts,8/31/23,Violations were cited in the following area(s).,02B,Hot TCS food item not held at or above 140 °F.,Critical,24,
50130900,PELICANA PREMIUM CHICKEN,Queens,4708,GREENPOINT AVE,11104,9293319793,Chicken,8/31/23,Violations were cited in the following area(s).,06F,"Wiping cloths not stored clean and dry, or in a sanitizing solution, between uses.",Critical,10,A
50134714,COLETTE,Manhattan,767,5 AVENUE,10153,4802905850,French,8/31/23,Violations were cited in the following area(s).,10F,"Non-food contact surface or equipment made of unacceptable material, not kept clean, or not properly sealed, raised, spaced or movable to allow accessibility for cleaning on all sides, above and underneath the unit.",Not Critical,11,A
50058388,SPOT DESSERT BAR,Queens,3916,PRINCE ST,11354,7184828712,Coffee/Tea,8/31/23,Violations were cited in the following area(s).,10H,"Single service article not provided. Single service article reused or not protected from contamination when transported, stored, dispensed. Drinking straws not completely enclosed in wrapper or dispensed from a sanitary device.",Not Critical,26,
50001015,TRA DI NOI,Bronx,622,EAST  187 STREET,10458,7182951784,Italian,8/31/23,Violations were cited in the following area(s).,04N,"Filth flies or food/refuse/sewage associated with (FRSA) flies or other nuisance pests in establishment’s food and/or non-food areas. FRSA flies include house flies, blow flies, bottle flies, flesh flies, drain flies, Phorid flies and fruit flies.",Critical,12,A
50053354,SIZZLE SHAWARMA & FALAFEL BAR,Queens,18615,UNION TPKE,11366,7184874696,Jewish/Kosher,8/31/23,Violations were cited in the following area(s).,05D,"No hand washing facility in or adjacent to toilet room or within 25 feet of a food preparation, food service or ware washing area. Hand washing facility not accessible, obstructed or used for non-hand washing purposes. No hot and cold running water or water at inadequate pressure. No soap or acceptable hand-drying device.",Critical,26,Z
50120759,BAKER STREET IRREGULARS,Manhattan,1152,1 AVENUE,10065,9177832175,American,8/31/23,Violations were cited in the following area(s).,04H,"Raw, cooked or prepared food is adulterated, contaminated, cross-contaminated, or not discarded in accordance with HACCP plan.",Critical,98,N
50137539,Angelina Gelateria,Manhattan,6,WEST   32 STREET,10001,6463705171,Frozen Desserts,8/31/23,Violations were cited in the following area(s).,08A,"Establishment is not free of harborage or conditions conducive to rodents, insects or other pests.",Not Critical,12,A
41708903,F&M CAFE & RESTAURANT,Brooklyn,383,VAN BRUNT STREET,11231,7188552623,American,8/31/23,Violations were cited in the following area(s).,04L,Evidence of mice or live mice in establishment's food or non-food areas.,Critical,5,A
41450604,BAGELS & CO,Queens,188-02,UNION TURNPIKE,11366,7182177755,Jewish/Kosher,8/31/23,Violations were cited in the following area(s).,06C,"Food, supplies, or equipment not protected from potential source of contamination during storage, preparation, transportation, display, service or from customer’s refillable, reusable container. Condiments not in single-service containers or dispensed directly by the vendor.",Critical,17,
50108114,CAFE AROMA,Manhattan,502,9 AVENUE,10018,9179223734,American,8/31/23,Violations were cited in the following area(s).,04N,"Filth flies or food/refuse/sewage associated with (FRSA) flies or other nuisance pests in establishment’s food and/or non-food areas. FRSA flies include house flies, blow flies, bottle flies, flesh flies, drain flies, Phorid flies and fruit flies.",Critical,28,
50121339,RED HOOK COFFEE SHOP,Brooklyn,327,VAN BRUNT STREET,11231,3477681447,Coffee/Tea,8/31/23,Violations were cited in the following area(s).,10F,"Non-food contact surface or equipment made of unacceptable material, not kept clean, or not properly sealed, raised, spaced or movable to allow accessibility for cleaning on all sides, above and underneath the unit.",Not Critical,2,A
50120759,BAKER STREET IRREGULARS,Manhattan,1152,1 AVENUE,10065,9177832175,American,8/31/23,Violations were cited in the following area(s).,10B,Anti-siphonage or back-flow prevention device not provided where required; equipment or floor not properly drained; sewage disposal system in disrepair or not functioning properly. Condensation or liquid waste improperly disposed of.,Not Critical,98,N
50073733,COFFEE RX,Brooklyn,1504,86 STREET,11228,9295006836,Coffee/Tea,8/31/23,Violations were cited in the following area(s).,10F,"Non-food contact surface or equipment made of unacceptable material, not kept clean, or not properly sealed, raised, spaced or movable to allow accessibility for cleaning on all sides, above and underneath the unit.",Not Critical,10,A
41450604,BAGELS & CO,Queens,188-02,UNION TURNPIKE,11366,7182177755,Jewish/Kosher,8/31/23,Violations were cited in the following area(s).,10F,"Non-food contact surface or equipment made of unacceptable material, not kept clean, or not properly sealed, raised, spaced or movable to allow accessibility for cleaning on all sides, above and underneath the unit.",Not Critical,17,
50084913,PLANTED,Brooklyn,333,SMITH STREET,11231,9179091986,Coffee/Tea,8/31/23,Violations were cited in the following area(s).,06D,"Food contact surface not properly washed, rinsed and sanitized after each use and following any activity when contamination may have occurred.",Critical,13,A
50122799,BROWN BAKERY,Queens,3546,UNION ST,11354,9177323877,Bakery Products/Desserts,8/31/23,Violations were cited in the following area(s).,06B,"Tobacco or electronic cigarette use, eating, or drinking from open container in food preparation, food storage or dishwashing area.",Critical,25,N
50138927,DOMINOS,Queens,8615,ROCKAWAY BEACH BLVD,11693,3473857023,Pizza,8/31/23,Violations were cited in the following area(s).,09E,Wash hands sign not posted near or above hand washing sink.,Not Critical,2,A
41450604,BAGELS & CO,Queens,188-02,UNION TURNPIKE,11366,7182177755,Jewish/Kosher,8/31/23,Violations were cited in the following area(s).,02G,Cold TCS food item held above 41 °F; smoked or processed fish held above 38 °F; intact raw eggs held above 45 °F; or reduced oxygen packaged (ROP) TCS foods held above required temperatures except during active necessary preparation.,Critical,17,
40394600,THE RESTAURANT,Queens,8605,ROCKAWAY BEACH BOULEVARD,11693,7186345809,American,8/31/23,Violations were cited in the following area(s).,08A,"Establishment is not free of harborage or conditions conducive to rodents, insects or other pests.",Not Critical,13,A
50123266,SU JEO,Manhattan,82,WEST    3 STREET,10012,8482193987,Korean,8/31/23,Violations were cited in the following area(s).,06D,"Food contact surface not properly washed, rinsed and sanitized after each use and following any activity when contamination may have occurred.",Critical,23,N
50088988,CITY ONE,Manhattan,2726,FREDERICK DOUGLASS BOULEVARD,,2122688819,Chinese,8/31/23,Violations were cited in the following area(s).,10F,"Non-food contact surface or equipment made of unacceptable material, not kept clean, or not properly sealed, raised, spaced or movable to allow accessibility for cleaning on all sides, above and underneath the unit.",Not Critical,22,Z
50088988,CITY ONE,Manhattan,2726,FREDERICK DOUGLASS BOULEVARD,,2122688819,Chinese,8/31/23,Violations were cited in the following area(s).,04L,Evidence of mice or live mice in establishment's food or non-food areas.,Critical,22,Z
50133156,PATISSERIE CHANSON,Manhattan,1293,3 AVENUE,10021,6314641388,Bakery Products/Desserts,8/31/23,Violations were cited in the following area(s).,04L,Evidence of mice or live mice in establishment's food or non-food areas.,Critical,29,N
50053354,SIZZLE SHAWARMA & FALAFEL BAR,Queens,18615,UNION TPKE,11366,7184874696,Jewish/Kosher,8/31/23,Violations were cited in the following area(s).,06C,"Food, supplies, or equipment not protected from potential source of contamination during storage, preparation, transportation, display, service or from customer’s refillable, reusable container. Condiments not in single-service containers or dispensed directly by the vendor.",Critical,26,Z
50120759,BAKER STREET IRREGULARS,Manhattan,1152,1 AVENUE,10065,9177832175,American,8/31/23,Violations were cited in the following area(s).,04A,Food Protection Certificate (FPC) not held by manager or supervisor of food operations.,Critical,98,N
50058388,SPOT DESSERT BAR,Queens,3916,PRINCE ST,11354,7184828712,Coffee/Tea,8/31/23,Violations were cited in the following area(s).,10B,Anti-siphonage or back-flow prevention device not provided where required; equipment or floor not properly drained; sewage disposal system in disrepair or not functioning properly. Condensation or liquid waste improperly disposed of.,Not Critical,26,
50123266,SU JEO,Manhattan,82,WEST    3 STREET,10012,8482193987,Korean,8/31/23,Violations were cited in the following area(s).,06C,"Food, supplies, or equipment not protected from potential source of contamination during storage, preparation, transportation, display, service or from customer’s refillable, reusable container. Condiments not in single-service containers or dispensed directly by the vendor.",Critical,23,N
50123207,TAI PEI HANG,Queens,13620,38TH AVE,11354,9177946551,Chinese,8/31/23,Violations were cited in the following area(s).,10F,"Non-food contact surface or equipment made of unacceptable material, not kept clean, or not properly sealed, raised, spaced or movable to allow accessibility for cleaning on all sides, above and underneath the unit.",Not Critical,19,Z
41620128,THINK COFFEE,Manhattan,73,8 AVENUE,10014,2122556542,Coffee/Tea,8/31/23,Violations were cited in the following area(s).,08C,"Pesticide not properly labeled or used by unlicensed individual. Pesticide, other toxic chemical improperly used/stored. Unprotected, unlocked bait station used.",Not Critical,12,A
40394600,THE RESTAURANT,Queens,8605,ROCKAWAY BEACH BOULEVARD,11693,7186345809,American,8/31/23,Violations were cited in the following area(s).,10F,"Non-food contact surface or equipment made of unacceptable material, not kept clean, or not properly sealed, raised, spaced or movable to allow accessibility for cleaning on all sides, above and underneath the unit.",Not Critical,13,A
50137554,MYSTTIK MASALA,Manhattan,570,LEXINGTON AVENUE,10022,7186971732,Indian,8/31/23,Violations were cited in the following area(s).,10F,"Non-food contact surface or equipment made of unacceptable material, not kept clean, or not properly sealed, raised, spaced or movable to allow accessibility for cleaning on all sides, above and underneath the unit.",Not Critical,2,
50132177,BPX-SAVOYCLUB,Manhattan,767,5 AVENUE,10153,7043285184,Other,8/31/23,Violations were cited in the following area(s).,04H,"Raw, cooked or prepared food is adulterated, contaminated, cross-contaminated, or not discarded in accordance with HACCP plan.",Critical,12,A
50136540,GONG CHA,Manhattan,42,MOTT STREET,10013,6467264940,Coffee/Tea,8/31/23,Violations were cited in the following area(s).,06C,"Food, supplies, or equipment not protected from potential source of contamination during storage, preparation, transportation, display, service or from customer’s refillable, reusable container. Condiments not in single-service containers or dispensed directly by the vendor.",Critical,41,N
50123105,NY LHASALIANG FEN,Queens,7417,ROOSEVELT AVE,11372,7187796777,Asian/Asian Fusion,8/31/23,Violations were cited in the following area(s).,04N,"Filth flies or food/refuse/sewage associated with (FRSA) flies or other nuisance pests in establishment’s food and/or non-food areas. FRSA flies include house flies, blow flies, bottle flies, flesh flies, drain flies, Phorid flies and fruit flies.",Critical,11,A
50139340,WANG DA SHUN,Queens,13328,41ST AVE,11355,9172852516,Chinese,8/31/23,Violations were cited in the following area(s).,04L,Evidence of mice or live mice in establishment's food or non-food areas.,Critical,57,Z
50136540,GONG CHA,Manhattan,42,MOTT STREET,10013,6467264940,Coffee/Tea,8/31/23,Violations were cited in the following area(s).,10B,Anti-siphonage or back-flow prevention device not provided where required; equipment or floor not properly drained; sewage disposal system in disrepair or not functioning properly. Condensation or liquid waste improperly disposed of.,Not Critical,41,N
50105368,DUNKIN DONUTS,Bronx,1791,WESTCHESTER AVENUE,10472,9174163773,Donuts,8/31/23,Violations were cited in the following area(s).,06C,"Food, supplies, or equipment not protected from potential source of contamination during storage, preparation, transportation, display, service or from customer’s refillable, reusable container. Condiments not in single-service containers or dispensed directly by the vendor.",Critical,8,A
50133156,PATISSERIE CHANSON,Manhattan,1293,3 AVENUE,10021,6314641388,Bakery Products/Desserts,8/31/23,Violations were cited in the following area(s).,10F,"Non-food contact surface or equipment made of unacceptable material, not kept clean, or not properly sealed, raised, spaced or movable to allow accessibility for cleaning on all sides, above and underneath the unit.",Not Critical,29,N
41678553,JESSIE'S EXPRESS CAFE,Manhattan,411,8 AVENUE,10001,2122551266,Sandwiches/Salads/Mixed Buffet,8/31/23,Violations were cited in the following area(s).,08A,"Establishment is not free of harborage or conditions conducive to rodents, insects or other pests.",Not Critical,19,Z
50089409,KA LOK KITCHEN,Queens,13418,NORTHERN BLVD,11354,7184633333,Chinese,8/31/23,Violations were cited in the following area(s).,04N,"Filth flies or food/refuse/sewage associated with (FRSA) flies or other nuisance pests in establishment’s food and/or non-food areas. FRSA flies include house flies, blow flies, bottle flies, flesh flies, drain flies, Phorid flies and fruit flies.",Critical,66,Z
50120759,BAKER STREET IRREGULARS,Manhattan,1152,1 AVENUE,10065,9177832175,American,8/31/23,Violations were cited in the following area(s).,05D,"No hand washing facility in or adjacent to toilet room or within 25 feet of a food preparation, food service or ware washing area. Hand washing facility not accessible, obstructed or used for non-hand washing purposes. No hot and cold running water or water at inadequate pressure. No soap or acceptable hand-drying device.",Critical,98,N
50130900,PELICANA PREMIUM CHICKEN,Queens,4708,GREENPOINT AVE,11104,9293319793,Chicken,8/31/23,Violations were cited in the following area(s).,10F,"Non-food contact surface or equipment made of unacceptable material, not kept clean, or not properly sealed, raised, spaced or movable to allow accessibility for cleaning on all sides, above and underneath the unit.",Not Critical,10,A
50137539,Angelina Gelateria,Manhattan,6,WEST   32 STREET,10001,6463705171,Frozen Desserts,8/31/23,Violations were cited in the following area(s).,10F,"Non-food contact surface or equipment made of unacceptable material, not kept clean, or not properly sealed, raised, spaced or movable to allow accessibility for cleaning on all sides, above and underneath the unit.",Not Critical,12,A
50128777,AGAVE RESTAURANT & LOUNGE,Bronx,1973,SOUTHERN BOULEVARD,10460,7185701846,Mexican,8/31/23,Violations were cited in the following area(s).,15-42,"Failure to make a good faith effort to inform smokers or electronic cigarette users of Smoke-Free Air Act (""SFAA"") prohibitions",Not Applicable,,
50084913,PLANTED,Brooklyn,333,SMITH STREET,11231,9179091986,Coffee/Tea,8/31/23,Violations were cited in the following area(s).,04L,Evidence of mice or live mice in establishment's food or non-food areas.,Critical,13,A
40368555,IL CORTILE RESTAURANT,Manhattan,123,MULBERRY STREET,10013,2122266060,Italian,8/31/23,Violations were cited in the following area(s).,06C,"Food, supplies, or equipment not protected from potential source of contamination during storage, preparation, transportation, display, service or from customer’s refillable, reusable container. Condiments not in single-service containers or dispensed directly by the vendor.",Critical,13,A
50129081,ROAM DESSERT BAR & GALLERY,Queens,4114,27TH ST,11101,9174430818,Bakery Products/Desserts,8/31/23,Violations were cited in the following area(s).,06D,"Food contact surface not properly washed, rinsed and sanitized after each use and following any activity when contamination may have occurred.",Critical,54,N
40941045,MARIO'S RESTAURANT,Bronx,2342,ARTHUR AVENUE,10458,7185841188,Italian,8/31/23,Violations were cited in the following area(s).,10A,"Toilet facility not maintained or provided with toilet paper, waste receptacle or self-closing door.",Not Critical,4,A
50103673,CITY WINERY NEW YORK,Manhattan,25,11 AVENUE,10011,6467516033,Other,8/31/23,Violations were cited in the following area(s).,06A,Personal cleanliness is inadequate. Outer garment soiled with possible contaminant. Effective hair restraint not worn where required. Jewelry worn on hands or arms. Fingernail polish worn or fingernails not kept clean and trimmed.,Critical,29,Z
50130636,HAINAN CHICKEN HOUSE,Brooklyn,4807,8 AVENUE,11220,2473653864,Chinese,8/31/23,Violations were cited in the following area(s).,06D,"Food contact surface not properly washed, rinsed and sanitized after each use and following any activity when contamination may have occurred.",Critical,43,N
50136540,GONG CHA,Manhattan,42,MOTT STREET,10013,6467264940,Coffee/Tea,8/31/23,Violations were cited in the following area(s).,08A,"Establishment is not free of harborage or conditions conducive to rodents, insects or other pests.",Not Critical,41,N
50086732,AGRA PALACE,Queens,11633,QUEENS BLVD,11375,7182618880,Indian,8/31/23,Violations were cited in the following area(s).,04N,"Filth flies or food/refuse/sewage associated with (FRSA) flies or other nuisance pests in establishment’s food and/or non-food areas. FRSA flies include house flies, blow flies, bottle flies, flesh flies, drain flies, Phorid flies and fruit flies.",Critical,48,
50139383,ELY LOUNGE,Manhattan,2,PARK AVENUE,10016,8453919439,Coffee/Tea,8/31/23,Violations were cited in the following area(s).,06C,"Food, supplies, or equipment not protected from potential source of contamination during storage, preparation, transportation, display, service or from customer’s refillable, reusable container. Condiments not in single-service containers or dispensed directly by the vendor.",Critical,74,N
41202725,DUNKIN,Queens,7520,37 AVENUE,11372,7183975660,Donuts,8/31/23,Violations were cited in the following area(s).,08A,"Establishment is not free of harborage or conditions conducive to rodents, insects or other pests.",Not Critical,10,A
50132476,MOCHII,Manhattan,11,WEST   32 STREET,10001,6465771074,Frozen Desserts,8/31/23,Violations were cited in the following area(s).,04N,"Filth flies or food/refuse/sewage associated with (FRSA) flies or other nuisance pests in establishment’s food and/or non-food areas. FRSA flies include house flies, blow flies, bottle flies, flesh flies, drain flies, Phorid flies and fruit flies.",Critical,48,N
50139340,WANG DA SHUN,Queens,13328,41ST AVE,11355,9172852516,Chinese,8/31/23,Violations were cited in the following area(s).,05D,"No hand washing facility in or adjacent to toilet room or within 25 feet of a food preparation, food service or ware washing area. Hand washing facility not accessible, obstructed or used for non-hand washing purposes. No hot and cold running water or water at inadequate pressure. No soap or acceptable hand-drying device.",Critical,57,Z
50048165,KING BARKA JAMAICAN & AMERICAN RESTAURANT INC,Manhattan,301,WEST  135 STREET,10030,3476418572,Caribbean,8/31/23,Violations were cited in the following area(s).,10F,"Non-food contact surface or equipment made of unacceptable material, not kept clean, or not properly sealed, raised, spaced or movable to allow accessibility for cleaning on all sides, above and underneath the unit.",Not Critical,25,Z
50087361,PROOF COFFEE ROASTERS,Manhattan,2286,7 AVENUE,10030,3142300768,Coffee/Tea,8/31/23,Violations were cited in the following area(s).,04N,"Filth flies or food/refuse/sewage associated with (FRSA) flies or other nuisance pests in establishment’s food and/or non-food areas. FRSA flies include house flies, blow flies, bottle flies, flesh flies, drain flies, Phorid flies and fruit flies.",Critical,27,Z
50048165,KING BARKA JAMAICAN & AMERICAN RESTAURANT INC,Manhattan,301,WEST  135 STREET,10030,3476418572,Caribbean,8/31/23,Violations were cited in the following area(s).,08C,"Pesticide not properly labeled or used by unlicensed individual. Pesticide, other toxic chemical improperly used/stored. Unprotected, unlocked bait station used.",Not Critical,25,Z
50118213,DUNKIN',Brooklyn,446,KNICKERBOCKER AVENUE,11237,9178816816,Donuts,8/31/23,Violations were cited in the following area(s).,10F,"Non-food contact surface or equipment made of unacceptable material, not kept clean, or not properly sealed, raised, spaced or movable to allow accessibility for cleaning on all sides, above and underneath the unit.",Not Critical,3,A
50130636,HAINAN CHICKEN HOUSE,Brooklyn,4807,8 AVENUE,11220,2473653864,Chinese,8/31/23,Violations were cited in the following area(s).,10F,"Non-food contact surface or equipment made of unacceptable material, not kept clean, or not properly sealed, raised, spaced or movable to allow accessibility for cleaning on all sides, above and underneath the unit.",Not Critical,43,N
50134565,POPEYES,Bronx,260,EAST  138 STREET,10451,3478146356,Chicken,8/31/23,Violations were cited in the following area(s).,10F,"Non-food contact surface or equipment made of unacceptable material, not kept clean, or not properly sealed, raised, spaced or movable to allow accessibility for cleaning on all sides, above and underneath the unit.",Not Critical,4,A
50136540,GONG CHA,Manhattan,42,MOTT STREET,10013,6467264940,Coffee/Tea,8/31/23,Violations were cited in the following area(s).,08B,"Garbage receptacle not pest or water resistant, with tight-fitting lids, and covered except while in active use. Garbage receptacle and cover not cleaned after emptying and prior to reuse. Garbage, refuse and other solid and liquid waste not collected, stored, removed and disposed of so as to prevent a nuisance.",Not Critical,41,N
50132476,MOCHII,Manhattan,11,WEST   32 STREET,10001,6465771074,Frozen Desserts,8/31/23,Violations were cited in the following area(s).,05H,No approved written standard operating procedure for avoiding contamination by refillable returnable containers.,Critical,48,N
50123207,TAI PEI HANG,Queens,13620,38TH AVE,11354,9177946551,Chinese,8/31/23,Violations were cited in the following area(s).,02B,Hot TCS food item not held at or above 140 °F.,Critical,19,Z
50128777,AGAVE RESTAURANT & LOUNGE,Bronx,1973,SOUTHERN BOULEVARD,10460,7185701846,Mexican,8/31/23,Violations were cited in the following area(s).,04A,Food Protection Certificate (FPC) not held by manager or supervisor of food operations.,Critical,21,N
50136540,GONG CHA,Manhattan,42,MOTT STREET,10013,6467264940,Coffee/Tea,8/31/23,Violations were cited in the following area(s).,04N,"Filth flies or food/refuse/sewage associated with (FRSA) flies or other nuisance pests in establishment’s food and/or non-food areas. FRSA flies include house flies, blow flies, bottle flies, flesh flies, drain flies, Phorid flies and fruit flies.",Critical,41,N
50123105,NY LHASALIANG FEN,Queens,7417,ROOSEVELT AVE,11372,7187796777,Asian/Asian Fusion,8/31/23,Violations were cited in the following area(s).,08A,"Establishment is not free of harborage or conditions conducive to rodents, insects or other pests.",Not Critical,11,A
50064478,JOE & THE JUICE,Manhattan,161,PRINCE STREET,10012,__________,Coffee/Tea,8/31/23,Violations were cited in the following area(s).,05D,"No hand washing facility in or adjacent to toilet room or within 25 feet of a food preparation, food service or ware washing area. Hand washing facility not accessible, obstructed or used for non-hand washing purposes. No hot and cold running water or water at inadequate pressure. No soap or acceptable hand-drying device.",Critical,49,
50079672,HAPPY JACKS BURGER BAR,Queens,108-13,ROCKAWAY BEACH BLVD,11694,3478976321,American,8/31/23,Violations were cited in the following area(s).,06D,"Food contact surface not properly washed, rinsed and sanitized after each use and following any activity when contamination may have occurred.",Critical,6,A
50129081,ROAM DESSERT BAR & GALLERY,Queens,4114,27TH ST,11101,9174430818,Bakery Products/Desserts,8/31/23,Violations were cited in the following area(s).,05D,"No hand washing facility in or adjacent to toilet room or within 25 feet of a food preparation, food service or ware washing area. Hand washing facility not accessible, obstructed or used for non-hand washing purposes. No hot and cold running water or water at inadequate pressure. No soap or acceptable hand-drying device.",Critical,54,N
50069329,ROGERS,Queens,203,BEACH  116 STREET,11694,7186343263,American,8/31/23,Violations were cited in the following area(s).,06C,"Food, supplies, or equipment not protected from potential source of contamination during storage, preparation, transportation, display, service or from customer’s refillable, reusable container. Condiments not in single-service containers or dispensed directly by the vendor.",Critical,10,A
50053354,SIZZLE SHAWARMA & FALAFEL BAR,Queens,18615,UNION TPKE,11366,7184874696,Jewish/Kosher,8/31/23,Violations were cited in the following area(s).,04N,"Filth flies or food/refuse/sewage associated with (FRSA) flies or other nuisance pests in establishment’s food and/or non-food areas. FRSA flies include house flies, blow flies, bottle flies, flesh flies, drain flies, Phorid flies and fruit flies.",Critical,26,Z
50137698,BEST CHICKEN,Manhattan,359,GRAND STREET,10002,6465598580,Other,8/31/23,Violations were cited in the following area(s).,04A,Food Protection Certificate (FPC) not held by manager or supervisor of food operations.,Critical,37,N
50014481,MAMAN,Manhattan,239,CENTRE STREET,10013,2122260700,French,8/31/23,Violations were cited in the following area(s).,02G,Cold TCS food item held above 41 °F; smoked or processed fish held above 38 °F; intact raw eggs held above 45 °F; or reduced oxygen packaged (ROP) TCS foods held above required temperatures except during active necessary preparation.,Critical,54,
50136540,GONG CHA,Manhattan,42,MOTT STREET,10013,6467264940,Coffee/Tea,8/31/23,Violations were cited in the following area(s).,04L,Evidence of mice or live mice in establishment's food or non-food areas.,Critical,41,N
50113151,SHAWARMA SPOT,Queens,3423,STEINWAY ST,11101,3474516994,Mediterranean,8/31/23,Violations were cited in the following area(s).,08C,"Pesticide not properly labeled or used by unlicensed individual. Pesticide, other toxic chemical improperly used/stored. Unprotected, unlocked bait station used.",Not Critical,10,
50128777,AGAVE RESTAURANT & LOUNGE,Bronx,1973,SOUTHERN BOULEVARD,10460,7185701846,Mexican,8/31/23,Violations were cited in the following area(s).,15-37,Workplace SFAA policy not prominently posted in workplace.,Not Applicable,,
41232504,FIG & OLIVE,Manhattan,420,WEST   13 STREET,10014,2129241200,Mediterranean,8/31/23,Violations were cited in the following area(s).,10E,"Accurate thermometer not provided or properly located in refrigerated, cold storage or hot holding equipment",Not Critical,11,A
50132177,BPX-SAVOYCLUB,Manhattan,767,5 AVENUE,10153,7043285184,Other,8/31/23,Violations were cited in the following area(s).,06D,"Food contact surface not properly washed, rinsed and sanitized after each use and following any activity when contamination may have occurred.",Critical,12,A
50139340,WANG DA SHUN,Queens,13328,41ST AVE,11355,9172852516,Chinese,8/31/23,Violations were cited in the following area(s).,02B,Hot TCS food item not held at or above 140 °F.,Critical,57,Z
50087361,PROOF COFFEE ROASTERS,Manhattan,2286,7 AVENUE,10030,3142300768,Coffee/Tea,8/31/23,Violations were cited in the following area(s).,06D,"Food contact surface not properly washed, rinsed and sanitized after each use and following any activity when contamination may have occurred.",Critical,27,Z
50120759,BAKER STREET IRREGULARS,Manhattan,1152,1 AVENUE,10065,9177832175,American,8/31/23,Violations were cited in the following area(s).,10F,"Non-food contact surface or equipment made of unacceptable material, not kept clean, or not properly sealed, raised, spaced or movable to allow accessibility for cleaning on all sides, above and underneath the unit.",Not Critical,98,N
50120759,BAKER STREET IRREGULARS,Manhattan,1152,1 AVENUE,10065,9177832175,American,8/31/23,Violations were cited in the following area(s).,06C,"Food, supplies, or equipment not protected from potential source of contamination during storage, preparation, transportation, display, service or from customer’s refillable, reusable container. Condiments not in single-service containers or dispensed directly by the vendor.",Critical,98,N
50134600,PADDY REILLY'S MUSIC BAR,Manhattan,519,2 AVENUE,10016,9177710304,Other,8/31/23,Violations were cited in the following area(s).,10E,"Accurate thermometer not provided or properly located in refrigerated, cold storage or hot holding equipment",Not Critical,33,N
50137539,Angelina Gelateria,Manhattan,6,WEST   32 STREET,10001,6463705171,Frozen Desserts,8/31/23,Violations were cited in the following area(s).,04N,"Filth flies or food/refuse/sewage associated with (FRSA) flies or other nuisance pests in establishment’s food and/or non-food areas. FRSA flies include house flies, blow flies, bottle flies, flesh flies, drain flies, Phorid flies and fruit flies.",Critical,12,A
41232504,FIG & OLIVE,Manhattan,420,WEST   13 STREET,10014,2129241200,Mediterranean,8/31/23,Violations were cited in the following area(s).,06C,"Food, supplies, or equipment not protected from potential source of contamination during storage, preparation, transportation, display, service or from customer’s refillable, reusable container. Condiments not in single-service containers or dispensed directly by the vendor.",Critical,11,A
50134600,PADDY REILLY'S MUSIC BAR,Manhattan,519,2 AVENUE,10016,9177710304,Other,8/31/23,Violations were cited in the following area(s).,10F,"Non-food contact surface or equipment made of unacceptable material, not kept clean, or not properly sealed, raised, spaced or movable to allow accessibility for cleaning on all sides, above and underneath the unit.",Not Critical,33,N
50122799,BROWN BAKERY,Queens,3546,UNION ST,11354,9177323877,Bakery Products/Desserts,8/31/23,Violations were cited in the following area(s).,06E,"Sanitized equipment or utensil, including in-use food dispensing utensil, improperly used or stored.",Critical,25,N
50133156,PATISSERIE CHANSON,Manhattan,1293,3 AVENUE,10021,6314641388,Bakery Products/Desserts,8/31/23,Violations were cited in the following area(s).,19-07,"Failure to maintain a sufficient supply of single-use, non-compostable plastic straws.",Not Critical,,
50088988,CITY ONE,Manhattan,2726,FREDERICK DOUGLASS BOULEVARD,,2122688819,Chinese,8/31/23,Violations were cited in the following area(s).,04M,Live roaches in facility's food or non-food area.,Critical,22,Z
50103673,CITY WINERY NEW YORK,Manhattan,25,11 AVENUE,10011,6467516033,Other,8/31/23,Violations were cited in the following area(s).,04N,"Filth flies or food/refuse/sewage associated with (FRSA) flies or other nuisance pests in establishment’s food and/or non-food areas. FRSA flies include house flies, blow flies, bottle flies, flesh flies, drain flies, Phorid flies and fruit flies.",Critical,29,Z
50134600,PADDY REILLY'S MUSIC BAR,Manhattan,519,2 AVENUE,10016,9177710304,Other,8/31/23,Violations were cited in the following area(s).,04H,"Raw, cooked or prepared food is adulterated, contaminated, cross-contaminated, or not discarded in accordance with HACCP plan.",Critical,33,N
50014481,MAMAN,Manhattan,239,CENTRE STREET,10013,2122260700,French,8/31/23,Violations were cited in the following area(s).,05D,"No hand washing facility in or adjacent to toilet room or within 25 feet of a food preparation, food service or ware washing area. Hand washing facility not accessible, obstructed or used for non-hand washing purposes. No hot and cold running water or water at inadequate pressure. No soap or acceptable hand-drying device.",Critical,54,
50105368,DUNKIN DONUTS,Bronx,1791,WESTCHESTER AVENUE,10472,9174163773,Donuts,8/31/23,Violations were cited in the following area(s).,10F,"Non-food contact surface or equipment made of unacceptable material, not kept clean, or not properly sealed, raised, spaced or movable to allow accessibility for cleaning on all sides, above and underneath the unit.",Not Critical,8,A
50058388,SPOT DESSERT BAR,Queens,3916,PRINCE ST,11354,7184828712,Coffee/Tea,8/31/23,Violations were cited in the following area(s).,06C,"Food, supplies, or equipment not protected from potential source of contamination during storage, preparation, transportation, display, service or from customer’s refillable, reusable container. Condiments not in single-service containers or dispensed directly by the vendor.",Critical,26,
50049436,KITTEN CAFE,Brooklyn,320,FRANKLIN AVENUE,11238,7183608543,Coffee/Tea,8/31/23,Violations were cited in the following area(s).,04N,"Filth flies or food/refuse/sewage associated with (FRSA) flies or other nuisance pests in establishment’s food and/or non-food areas. FRSA flies include house flies, blow flies, bottle flies, flesh flies, drain flies, Phorid flies and fruit flies.",Critical,12,
50089409,KA LOK KITCHEN,Queens,13418,NORTHERN BLVD,11354,7184633333,Chinese,8/31/23,Violations were cited in the following area(s).,04L,Evidence of mice or live mice in establishment's food or non-food areas.,Critical,66,Z
50134714,COLETTE,Manhattan,767,5 AVENUE,10153,4802905850,French,8/31/23,Violations were cited in the following area(s).,10B,Anti-siphonage or back-flow prevention device not provided where required; equipment or floor not properly drained; sewage disposal system in disrepair or not functioning properly. Condensation or liquid waste improperly disposed of.,Not Critical,11,A
50001015,TRA DI NOI,Bronx,622,EAST  187 STREET,10458,7182951784,Italian,8/31/23,Violations were cited in the following area(s).,08A,"Establishment is not free of harborage or conditions conducive to rodents, insects or other pests.",Not Critical,12,A
50129081,ROAM DESSERT BAR & GALLERY,Queens,4114,27TH ST,11101,9174430818,Bakery Products/Desserts,8/31/23,Violations were cited in the following area(s).,20-01,Food allergy information poster not conspicuously posted where food is being prepared or processed by food workers.,Not Critical,,
41620128,THINK COFFEE,Manhattan,73,8 AVENUE,10014,2122556542,Coffee/Tea,8/31/23,Violations were cited in the following area(s).,10G,"Dishwashing and ware washing: Cleaning and sanitizing of tableware, including dishes, utensils, and equipment deficient.",Not Critical,12,A
50133156,PATISSERIE CHANSON,Manhattan,1293,3 AVENUE,10021,6314641388,Bakery Products/Desserts,8/31/23,Violations were cited in the following area(s).,06F,"Wiping cloths not stored clean and dry, or in a sanitizing solution, between uses.",Critical,29,N
41678553,JESSIE'S EXPRESS CAFE,Manhattan,411,8 AVENUE,10001,2122551266,Sandwiches/Salads/Mixed Buffet,8/31/23,Violations were cited in the following area(s).,10B,Anti-siphonage or back-flow prevention device not provided where required; equipment or floor not properly drained; sewage disposal system in disrepair or not functioning properly. Condensation or liquid waste improperly disposed of.,Not Critical,19,Z
50050386,PANDA EXPRESS,Manhattan,835,3 AVENUE,10022,2123552821,Chinese,8/31/23,Violations were cited in the following area(s).,02G,Cold TCS food item held above 41 °F; smoked or processed fish held above 38 °F; intact raw eggs held above 45 °F; or reduced oxygen packaged (ROP) TCS foods held above required temperatures except during active necessary preparation.,Critical,34,
41234310,MALIBU DINER,Manhattan,163,WEST   23 STREET,10011,2126911369,American,8/31/23,Violations were cited in the following area(s).,02G,Cold TCS food item held above 41 °F; smoked or processed fish held above 38 °F; intact raw eggs held above 45 °F; or reduced oxygen packaged (ROP) TCS foods held above required temperatures except during active necessary preparation.,Critical,30,Z
50086732,AGRA PALACE,Queens,11633,QUEENS BLVD,11375,7182618880,Indian,8/31/23,Violations were cited in the following area(s).,02G,Cold TCS food item held above 41 °F; smoked or processed fish held above 38 °F; intact raw eggs held above 45 °F; or reduced oxygen packaged (ROP) TCS foods held above required temperatures except during active necessary preparation.,Critical,48,
50139340,WANG DA SHUN,Queens,13328,41ST AVE,11355,9172852516,Chinese,8/31/23,Violations were cited in the following area(s).,04O,Live animal other than fish in tank or service animal present in facility’s food or non-food area.,Critical,57,Z
40721162,CONTINENTAL LUNCHEONETTE & DELI,Queens,104-03,METROPOLITAN AVENUE,11375,7185208336,Sandwiches,8/31/23,Violations were cited in the following area(s).,06B,"Tobacco or electronic cigarette use, eating, or drinking from open container in food preparation, food storage or dishwashing area.",Critical,18,
50133266,FRIEND OF A FARMER,Manhattan,68,WEST   71 STREET,10023,5162707961,American,8/31/23,Violations were cited in the following area(s).,10G,"Dishwashing and ware washing: Cleaning and sanitizing of tableware, including dishes, utensils, and equipment deficient.",Not Critical,19,N
50087361,PROOF COFFEE ROASTERS,Manhattan,2286,7 AVENUE,10030,3142300768,Coffee/Tea,8/31/23,Violations were cited in the following area(s).,08A,"Establishment is not free of harborage or conditions conducive to rodents, insects or other pests.",Not Critical,27,Z
50089409,KA LOK KITCHEN,Queens,13418,NORTHERN BLVD,11354,7184633333,Chinese,8/31/23,Violations were cited in the following area(s).,28-06,Contract with a pest management professional not in place. Record of extermination activities not kept on premises.,Not Critical,66,Z
50138942,CHA CHA MATCHA,Manhattan,1158,BROADWAY,10001,9179575017,Other,8/31/23,Violations were cited in the following area(s).,04N,"Filth flies or food/refuse/sewage associated with (FRSA) flies or other nuisance pests in establishment’s food and/or non-food areas. FRSA flies include house flies, blow flies, bottle flies, flesh flies, drain flies, Phorid flies and fruit flies.",Critical,26,N
50129081,ROAM DESSERT BAR & GALLERY,Queens,4114,27TH ST,11101,9174430818,Bakery Products/Desserts,8/31/23,Violations were cited in the following area(s).,10B,Anti-siphonage or back-flow prevention device not provided where required; equipment or floor not properly drained; sewage disposal system in disrepair or not functioning properly. Condensation or liquid waste improperly disposed of.,Not Critical,54,N
50088988,CITY ONE,Manhattan,2726,FREDERICK DOUGLASS BOULEVARD,,2122688819,Chinese,8/31/23,Violations were cited in the following area(s).,08A,"Establishment is not free of harborage or conditions conducive to rodents, insects or other pests.",Not Critical,22,Z
50064478,JOE & THE JUICE,Manhattan,161,PRINCE STREET,10012,__________,Coffee/Tea,8/31/23,Violations were cited in the following area(s).,08A,"Establishment is not free of harborage or conditions conducive to rodents, insects or other pests.",Not Critical,49,
41620128,THINK COFFEE,Manhattan,73,8 AVENUE,10014,2122556542,Coffee/Tea,8/31/23,Violations were cited in the following area(s).,10F,"Non-food contact surface or equipment made of unacceptable material, not kept clean, or not properly sealed, raised, spaced or movable to allow accessibility for cleaning on all sides, above and underneath the unit.",Not Critical,12,A
50103673,CITY WINERY NEW YORK,Manhattan,25,11 AVENUE,10011,6467516033,Other,8/31/23,Violations were cited in the following area(s).,08A,"Establishment is not free of harborage or conditions conducive to rodents, insects or other pests.",Not Critical,29,Z
50100998,BAKESTONE BAKERY,Brooklyn,190,NASSAU AVENUE,11222,7183497775,Polish,8/31/23,Violations were cited in the following area(s).,02B,Hot TCS food item not held at or above 140 °F.,Critical,11,A
50129081,ROAM DESSERT BAR & GALLERY,Queens,4114,27TH ST,11101,9174430818,Bakery Products/Desserts,8/31/23,Violations were cited in the following area(s).,10G,"Dishwashing and ware washing: Cleaning and sanitizing of tableware, including dishes, utensils, and equipment deficient.",Not Critical,54,N
50139383,ELY LOUNGE,Manhattan,2,PARK AVENUE,10016,8453919439,Coffee/Tea,8/31/23,Violations were cited in the following area(s).,15-37,Workplace SFAA policy not prominently posted in workplace.,Not Applicable,,
50138652,POPRICE,Queens,16216,UNION TPKE,11366,9179126591,Asian/Asian Fusion,8/31/23,Violations were cited in the following area(s).,06F,"Wiping cloths not stored clean and dry, or in a sanitizing solution, between uses.",Critical,12,A
50119251,7TH STREET BURGER,Manhattan,110,MACDOUGAL STREET,10012,2013965169,American,8/31/23,Violations were cited in the following area(s).,04L,Evidence of mice or live mice in establishment's food or non-food areas.,Critical,9,A
41234310,MALIBU DINER,Manhattan,163,WEST   23 STREET,10011,2126911369,American,8/31/23,Violations were cited in the following area(s).,10F,"Non-food contact surface or equipment made of unacceptable material, not kept clean, or not properly sealed, raised, spaced or movable to allow accessibility for cleaning on all sides, above and underneath the unit.",Not Critical,30,Z
50014481,MAMAN,Manhattan,239,CENTRE STREET,10013,2122260700,French,8/31/23,Violations were cited in the following area(s).,06C,"Food, supplies, or equipment not protected from potential source of contamination during storage, preparation, transportation, display, service or from customer’s refillable, reusable container. Condiments not in single-service containers or dispensed directly by the vendor.",Critical,54,
50130636,HAINAN CHICKEN HOUSE,Brooklyn,4807,8 AVENUE,11220,2473653864,Chinese,8/31/23,Violations were cited in the following area(s).,02B,Hot TCS food item not held at or above 140 °F.,Critical,43,N
50133156,PATISSERIE CHANSON,Manhattan,1293,3 AVENUE,10021,6314641388,Bakery Products/Desserts,8/31/23,Violations were cited in the following area(s).,10B,Anti-siphonage or back-flow prevention device not provided where required; equipment or floor not properly drained; sewage disposal system in disrepair or not functioning properly. Condensation or liquid waste improperly disposed of.,Not Critical,29,N
40394600,THE RESTAURANT,Queens,8605,ROCKAWAY BEACH BOULEVARD,11693,7186345809,American,8/31/23,Violations were cited in the following area(s).,10B,Anti-siphonage or back-flow prevention device not provided where required; equipment or floor not properly drained; sewage disposal system in disrepair or not functioning properly. Condensation or liquid waste improperly disposed of.,Not Critical,13,A
41618266,KISSENA CAFE,Queens,60-04,KISSENA BOULEVARD,11355,7188860689,Chinese,8/31/23,Violations were cited in the following area(s).,02H,"After cooking or removal from hot holding, TCS food not cooled by an approved method whereby the internal temperature is reduced from 140 °F to 70 °F or less within 2 hours, and from 70 °F to 41 °F or less within 4 additional hours.",Critical,12,A
50126094,CANAAN BAKERY & CAFE,Queens,3640,UNION ST,11354,9176569577,Bakery Products/Desserts,8/31/23,Violations were cited in the following area(s).,02G,Cold TCS food item held above 41 °F; smoked or processed fish held above 38 °F; intact raw eggs held above 45 °F; or reduced oxygen packaged (ROP) TCS foods held above required temperatures except during active necessary preparation.,Critical,24,
50129626,UNCLE TED'S,Manhattan,38,EAST    8 STREET,10003,2127771395,Chinese,8/31/23,Violations were cited in the following area(s).,10F,"Non-food contact surface or equipment made of unacceptable material, not kept clean, or not properly sealed, raised, spaced or movable to allow accessibility for cleaning on all sides, above and underneath the unit.",Not Critical,12,A
50064478,JOE & THE JUICE,Manhattan,161,PRINCE STREET,10012,__________,Coffee/Tea,8/31/23,Violations were cited in the following area(s).,04N,"Filth flies or food/refuse/sewage associated with (FRSA) flies or other nuisance pests in establishment’s food and/or non-food areas. FRSA flies include house flies, blow flies, bottle flies, flesh flies, drain flies, Phorid flies and fruit flies.",Critical,49,
40368555,IL CORTILE RESTAURANT,Manhattan,123,MULBERRY STREET,10013,2122266060,Italian,8/31/23,Violations were cited in the following area(s).,02H,"After cooking or removal from hot holding, TCS food not cooled by an approved method whereby the internal temperature is reduced from 140 °F to 70 °F or less within 2 hours, and from 70 °F to 41 °F or less within 4 additional hours.",Critical,13,A
50131907,VIRGIN HOTEL SC1,Manhattan,1227,BROADWAY,10001,9179129221,American,8/31/23,Violations were cited in the following area(s).,08A,"Establishment is not free of harborage or conditions conducive to rodents, insects or other pests.",Not Critical,12,A
50042943,LIC CORNER CAFE,Queens,2103,45TH RD,11101,7188061432,English,8/31/23,Violations were cited in the following area(s).,02B,Hot TCS food item not held at or above 140 °F.,Critical,25,
50128777,AGAVE RESTAURANT & LOUNGE,Bronx,1973,SOUTHERN BOULEVARD,10460,7185701846,Mexican,8/31/23,Violations were cited in the following area(s).,10G,"Dishwashing and ware washing: Cleaning and sanitizing of tableware, including dishes, utensils, and equipment deficient.",Not Critical,21,N
50102310,ELEVA COFFEE,Brooklyn,7,BELL SLIP,11222,3472944200,Coffee/Tea,8/31/23,Violations were cited in the following area(s).,08A,"Establishment is not free of harborage or conditions conducive to rodents, insects or other pests.",Not Critical,11,A
50130636,HAINAN CHICKEN HOUSE,Brooklyn,4807,8 AVENUE,11220,2473653864,Chinese,8/31/23,Violations were cited in the following area(s).,02G,Cold TCS food item held above 41 °F; smoked or processed fish held above 38 °F; intact raw eggs held above 45 °F; or reduced oxygen packaged (ROP) TCS foods held above required temperatures except during active necessary preparation.,Critical,43,N
50050386,PANDA EXPRESS,Manhattan,835,3 AVENUE,10022,2123552821,Chinese,8/31/23,Violations were cited in the following area(s).,02B,Hot TCS food item not held at or above 140 °F.,Critical,34,
50069666,THOMAS PIZZA,Queens,9023,37TH AVE,11372,7188980347,Pizza,8/31/23,Violations were cited in the following area(s).,06C,"Food, supplies, or equipment not protected from potential source of contamination during storage, preparation, transportation, display, service or from customer’s refillable, reusable container. Condiments not in single-service containers or dispensed directly by the vendor.",Critical,25,
50138927,DOMINOS,Queens,8615,ROCKAWAY BEACH BLVD,11693,3473857023,Pizza,8/31/23,Violations were cited in the following area(s).,20-04,"“Choking first aid” poster not posted. “Alcohol and Pregnancy” warning sign not posted. Resuscitation equipment: exhaled air resuscitation masks (adult & pediatric), latex gloves, sign not posted.",Not Critical,,
50077010,NEW NO.1 CHINESE RESTAURANT,Bronx,1839,WESTCHESTER AVENUE,10472,7189182880,Chinese,8/31/23,Violations were cited in the following area(s).,02G,Cold TCS food item held above 41 °F; smoked or processed fish held above 38 °F; intact raw eggs held above 45 °F; or reduced oxygen packaged (ROP) TCS foods held above required temperatures except during active necessary preparation.,Critical,7,A
50133830,DA ADRIANO,Manhattan,1198,1 AVENUE,10065,3473427799,Italian,8/31/23,Violations were cited in the following area(s).,08A,"Establishment is not free of harborage or conditions conducive to rodents, insects or other pests.",Not Critical,10,A
50133156,PATISSERIE CHANSON,Manhattan,1293,3 AVENUE,10021,6314641388,Bakery Products/Desserts,8/31/23,Violations were cited in the following area(s).,10H,"Single service article not provided. Single service article reused or not protected from contamination when transported, stored, dispensed. Drinking straws not completely enclosed in wrapper or dispensed from a sanitary device.",Not Critical,29,N
50129081,ROAM DESSERT BAR & GALLERY,Queens,4114,27TH ST,11101,9174430818,Bakery Products/Desserts,8/31/23,Violations were cited in the following area(s).,06C,"Food, supplies, or equipment not protected from potential source of contamination during storage, preparation, transportation, display, service or from customer’s refillable, reusable container. Condiments not in single-service containers or dispensed directly by the vendor.",Critical,54,N
50120759,BAKER STREET IRREGULARS,Manhattan,1152,1 AVENUE,10065,9177832175,American,8/31/23,Violations were cited in the following area(s).,19-04,Expanded Polystyrene (EPS) single service article not designated as a recyclable material.,Not Critical,,
50120759,BAKER STREET IRREGULARS,Manhattan,1152,1 AVENUE,10065,9177832175,American,8/31/23,Violations were cited in the following area(s).,08A,"Establishment is not free of harborage or conditions conducive to rodents, insects or other pests.",Not Critical,98,N
50108114,CAFE AROMA,Manhattan,502,9 AVENUE,10018,9179223734,American,8/31/23,Violations were cited in the following area(s).,06F,"Wiping cloths not stored clean and dry, or in a sanitizing solution, between uses.",Critical,28,
50130636,HAINAN CHICKEN HOUSE,Brooklyn,4807,8 AVENUE,11220,2473653864,Chinese,8/31/23,Violations were cited in the following area(s).,06F,"Wiping cloths not stored clean and dry, or in a sanitizing solution, between uses.",Critical,43,N
50131907,VIRGIN HOTEL SC1,Manhattan,1227,BROADWAY,10001,9179129221,American,8/31/23,Violations were cited in the following area(s).,04N,"Filth flies or food/refuse/sewage associated with (FRSA) flies or other nuisance pests in establishment’s food and/or non-food areas. FRSA flies include house flies, blow flies, bottle flies, flesh flies, drain flies, Phorid flies and fruit flies.",Critical,12,A
50129081,ROAM DESSERT BAR & GALLERY,Queens,4114,27TH ST,11101,9174430818,Bakery Products/Desserts,8/31/23,Violations were cited in the following area(s).,10H,"Single service article not provided. Single service article reused or not protected from contamination when transported, stored, dispensed. Drinking straws not completely enclosed in wrapper or dispensed from a sanitary device.",Not Critical,54,N
50108114,CAFE AROMA,Manhattan,502,9 AVENUE,10018,9179223734,American,8/31/23,Violations were cited in the following area(s).,06D,"Food contact surface not properly washed, rinsed and sanitized after each use and following any activity when contamination may have occurred.",Critical,28,
50129626,UNCLE TED'S,Manhattan,38,EAST    8 STREET,10003,2127771395,Chinese,8/31/23,Violations were cited in the following area(s).,02G,Cold TCS food item held above 41 °F; smoked or processed fish held above 38 °F; intact raw eggs held above 45 °F; or reduced oxygen packaged (ROP) TCS foods held above required temperatures except during active necessary preparation.,Critical,12,A
50064478,JOE & THE JUICE,Manhattan,161,PRINCE STREET,10012,__________,Coffee/Tea,8/31/23,Violations were cited in the following area(s).,06C,"Food, supplies, or equipment not protected from potential source of contamination during storage, preparation, transportation, display, service or from customer’s refillable, reusable container. Condiments not in single-service containers or dispensed directly by the vendor.",Critical,49,
50139383,ELY LOUNGE,Manhattan,2,PARK AVENUE,10016,8453919439,Coffee/Tea,8/31/23,Violations were cited in the following area(s).,05H,No approved written standard operating procedure for avoiding contamination by refillable returnable containers.,Critical,74,N
50049436,KITTEN CAFE,Brooklyn,320,FRANKLIN AVENUE,11238,7183608543,Coffee/Tea,8/31/23,Violations were cited in the following area(s).,08A,"Establishment is not free of harborage or conditions conducive to rodents, insects or other pests.",Not Critical,12,
50129081,ROAM DESSERT BAR & GALLERY,Queens,4114,27TH ST,11101,9174430818,Bakery Products/Desserts,8/31/23,Violations were cited in the following area(s).,20-04,"“Choking first aid” poster not posted. “Alcohol and Pregnancy” warning sign not posted. Resuscitation equipment: exhaled air resuscitation masks (adult & pediatric), latex gloves, sign not posted.",Not Critical,,
50048165,KING BARKA JAMAICAN & AMERICAN RESTAURANT INC,Manhattan,301,WEST  135 STREET,10030,3476418572,Caribbean,8/31/23,Violations were cited in the following area(s).,04K,Evidence of rats or live rats in establishment's food or non-food areas.,Critical,25,Z
50120759,BAKER STREET IRREGULARS,Manhattan,1152,1 AVENUE,10065,9177832175,American,8/31/23,Violations were cited in the following area(s).,06D,"Food contact surface not properly washed, rinsed and sanitized after each use and following any activity when contamination may have occurred.",Critical,98,N
50042943,LIC CORNER CAFE,Queens,2103,45TH RD,11101,7188061432,English,8/31/23,Violations were cited in the following area(s).,05D,"No hand washing facility in or adjacent to toilet room or within 25 feet of a food preparation, food service or ware washing area. Hand washing facility not accessible, obstructed or used for non-hand washing purposes. No hot and cold running water or water at inadequate pressure. No soap or acceptable hand-drying device.",Critical,25,
50138413,SPORTY & RICH,Manhattan,133,GREENE STREET,10012,8453814513,"Juice, Smoothies, Fruit Salads",8/31/23,Violations were cited in the following area(s).,04A,Food Protection Certificate (FPC) not held by manager or supervisor of food operations.,Critical,10,A
50139340,WANG DA SHUN,Queens,13328,41ST AVE,11355,9172852516,Chinese,8/31/23,Violations were cited in the following area(s).,10G,"Dishwashing and ware washing: Cleaning and sanitizing of tableware, including dishes, utensils, and equipment deficient.",Not Critical,57,Z
50116821,CANTO WEST VILLAGE,Manhattan,117,PERRY STREET,10014,3152575472,Italian,8/31/23,Violations were cited in the following area(s).,08B,"Garbage receptacle not pest or water resistant, with tight-fitting lids, and covered except while in active use. Garbage receptacle and cover not cleaned after emptying and prior to reuse. Garbage, refuse and other solid and liquid waste not collected, stored, removed and disposed of so as to prevent a nuisance.",Not Critical,13,A
50089409,KA LOK KITCHEN,Queens,13418,NORTHERN BLVD,11354,7184633333,Chinese,8/31/23,Violations were cited in the following area(s).,08A,"Establishment is not free of harborage or conditions conducive to rodents, insects or other pests.",Not Critical,66,Z
41234310,MALIBU DINER,Manhattan,163,WEST   23 STREET,10011,2126911369,American,8/31/23,Violations were cited in the following area(s).,06E,"Sanitized equipment or utensil, including in-use food dispensing utensil, improperly used or stored.",Critical,30,Z
50086732,AGRA PALACE,Queens,11633,QUEENS BLVD,11375,7182618880,Indian,8/31/23,Violations were cited in the following area(s).,06A,Personal cleanliness is inadequate. Outer garment soiled with possible contaminant. Effective hair restraint not worn where required. Jewelry worn on hands or arms. Fingernail polish worn or fingernails not kept clean and trimmed.,Critical,48,
50137698,BEST CHICKEN,Manhattan,359,GRAND STREET,10002,6465598580,Other,8/31/23,Violations were cited in the following area(s).,10H,"Single service article not provided. Single service article reused or not protected from contamination when transported, stored, dispensed. Drinking straws not completely enclosed in wrapper or dispensed from a sanitary device.",Not Critical,37,N